1eawffhc8YzT_sY0B84aZYS3XLVqGZEtE	GTP31.10.--001.jpg
11QNqI8Q8Q1Sn4_iovm9G3f6238YYk-HM	GTP31.10.--002.jpg
1B_Fp77HBunDKGA50UgRmKdN5213oiFZH	GTP31.10.--003.jpg
10QK47oNKPsQeALtDvkC0s6ZgUZKALa_6	GTP31.10.--004.jpg
1Ew3uZv094RudC6ipbJj7YEajMWz-dYbl	GTP31.10.--005.jpg
1qh8NFHaW1xcfzMvSBqq0wALEzw-MVKnk	GTP31.10.--006.jpg
1MZi3Q0egasa6CnuPPH_7nA2kt8J3rndl	GTP31.10.--007.jpg
1lC53GzuDkI11U2lE-pHa-I41VZHOFbka	GTP31.10.--008.jpg
14uiymyhpssd5KULvGTA_VlU2tjAb-OIc	GTP31.10.--009.jpg
1GG6S4Xw3m9VDAGkLBX7x6v_kWFaUH8HL	GTP31.10.--010.jpg
1zFLaxV-1vESAKG4LWiSwlAIEnAkjWqht	GTP31.10.--011.jpg
1nAWROVOzArFgL4Ofj2MngwpIThkAT8HF	GTP31.10.--012.jpg
1C9wcYSnmzpCzmHzAaJIvZnxGy0B2dVym	GTP31.10.--013.jpg
1bV3CJ9SxAHslOeMIe5WfS1CyZDcNlDT_	GTP31.10.--014.jpg
1SRtX2WU20MxEOqgu9DGjxXHgRZ4REIZN	GTP31.10.--015.jpg
1WzSKGizRIV4AsbUTPs_978ERqmDP6UUk	GTP31.10.--016.jpg
1s2OoOxO_gS6x95LJs1bM9GORAKrdrJNj	GTP31.10.--017.jpg
1hHTQS0-BWyOExjsYG2cas6rHNoKuLCmj	GTP31.10.--018.jpg
1GmAfFpJDPSI7WpdDd06sv_UqBUNpGKzu	GTP31.10.--019.jpg
1VOqH2O6eT8QAECAhumCIeoFskNvgct49	GTP31.10.--020.jpg
1_PzGaRFHvXbq2CcVQfEpRDlg8xnm2gt1	GTP31.10.--021.jpg
1dFZsvIY4Dr3A2DMdRQCKKXEOdTslpTLZ	GTP31.10.--022.jpg
1G4IQ3Jmt9n-XGSZknXbQUJYH66y1P1Bj	GTP31.10.--023.jpg
1043gUq95mTrfM-ZM0XkjnHjUIPRV_hyb	GTP31.10.--024.jpg
13UaVX770GM7wTx57dsHqhCnUwaGNWfvB	GTP31.10.--025.jpg
1-OBaSXty5cJk4FWH_CpWcAFOwhUnu8Nt	GTP31.10.--026.jpg
16vmj2nxzONyjzTfPxwwKApOpsqz_0w0j	GTP31.10.--027.jpg
1ONPGdX222uaHsEiKVoB3wj3xG0SggGlo	GTP31.10.--028.jpg
1ExHLkh3XGMb-zMHRyqeva4UzRlRSIbXm	GTP31.10.--029.jpg
1c_BG2oOHXAA1HPcYYKV-qPSzDgYTcfbb	GTP31.10.--030.jpg
1ERu9ACSaiA3j6uEuVV6O7J0v1pck6oqX	GTP31.10.--031.jpg
1-DW7e6GF2-bSqT73NfgMWFuNj_0Z8sZX	GTP31.10.--032.jpg
1mJDyKtnMR5rkzRU2JsWrcWG8hyeFW3oQ	GTP31.10.--033.jpg
1n4zJAq-G7CcXQSVnVrQts65DHWkvS5FP	GTP31.10.--034.jpg
1Oo4vSY7NWaLtEukfOjZYCWiRztBTLGv8	GTP31.10.--035.jpg
1RPte4v6_JWcdyywOZOwGIh-qKN-w60qR	GTP31.10.--036.jpg
1kgltOeFb1zt7QRE5funX96SzGgFgE3cw	GTP31.10.--037.jpg
1gGTOD0XRNBcXm4UJzSK2X-Qoh4vztDc5	GTP31.10.--038.jpg
1MsHuL8F_tnlRfZnWMpjNG3Ee60J8NiR-	GTP31.10.--039.jpg
1hdkncESgmY4Nj56o9hHX0uEXVlHOPWHI	GTP31.10.--040.jpg
113XeNt1UwkzM4k6bSLMt9QiJnnzlly76	GTP31.10.--041.jpg
1kTu7msN-Nf7pXzhFn3qOZIwpoD-H_91b	GTP31.10.--042.jpg
15BWTprGfV2-2NSt94Xikc9IA4b2c3MYI	GTP31.10.--043.jpg
1pqMFqgV8GxBZk66tM-kwgltgVjbXkqvN	GTP31.10.--044.jpg
1nu9huNjdVmXLWROSWnzpyNSsn6HvLi3F	GTP31.10.--045.jpg
1DINXC8EoStfj525ObmXxViqqliXAQPql	GTP31.10.--046.jpg
1sILhfUptMHxWcrNHzbdYf4zTPCHnyfQS	GTP31.10.--047.jpg
1K6hzrun2kwJjTZ09aUO5YMeJgSD8R-1c	GTP31.10.--048.jpg
1CJMvlQm8OcB4V9dUj3J4rqm5UashNiZ_	GTP31.10.--049.jpg
1wMPIomdslPXqQE6a7NsXKDJQYZmh1-G8	GTP31.10.--050.jpg
15OgkQM3N7mxvyqmzKHQ4NS1gwfdJltbB	GTP31.10.--051.jpg
1F8bRuZPqGaTZIDiRlmh9cJJE6f6EGkoZ	GTP31.10.--052.jpg
1y_J556tQsDDto-uL4rGU2wAkoneSo-Sm	GTP31.10.--053.jpg
1yVm9HyKVlePeyZcpt8JogacGf1gvXwe-	GTP31.10.--054.jpg
1A9zRhYHAX3cYdvKaxXQQAFzbwoh39Hgb	GTP31.10.--055.jpg
1UQz3NOXG1MbZsXxnaHDkz53DRSkokMYN	GTP31.10.--056.jpg
1sN8769xiK90eyVfJ0TOQbh8JtFviCTPG	GTP31.10.--057.jpg
1FWaEkLY-y6Xlablt8h6CCbBEEXi2JN7H	GTP31.10.--058.jpg
1xtXfaLu7OMJCnqtf_9R5z-e2REwAPXiM	GTP31.10.--059.jpg
1j28CKaRRaD9jT-obqua4Ef85CWJWpcHz	GTP31.10.--060.jpg
1E34j8COpLBPiVqKRY9eb6uIUm9OwctW_	GTP31.10.--061.jpg
1tQyzUn3n0NV8L3zd2T2XzBE2yyqh8LW5	GTP31.10.--062.jpg
10PU4eXvdwyavUfRTjpLZxi6kSU3m44_5	GTP31.10.--063.jpg
1sORhQSGZ3cn3ghurfYdUeysQrIs88dYQ	GTP31.10.--064.jpg
195MoZE8Y8iwanR7F41k0zb2y7JUt0z7n	GTP31.10.--065.jpg
14jSHIQ8J5Y9RM1c8TZ_uF-cSLkULB-vY	GTP31.10.--066.jpg
1uJnjeN2hBFVh63PSkGGnBMyk23Ati4la	GTP31.10.--067.jpg
16dY_VX2e_sWEaow_F7i4b-XLgKFxOYbn	GTP31.10.--068.jpg
1e-H9vXNyqcNqx6-lCj7BbinINPcVB1vY	GTP31.10.--069.jpg
1rXiQ-GNdyB1FZb0a-BSTwnb27X2KORwU	GTP31.10.--070.jpg
1cMTQICu7LOqtyQmh5_A6bxg8uAUFC3GV	GTP31.10.--071.jpg
14J2-3KUI1WpNpvoozFyVgdKxEylu7_XM	GTP31.10.--072.jpg
19SPn9vRuEssSxgtn5cjbjI62Vqg3ddE9	GTP31.10.--073.jpg
1IcjuzrmZfwBMoV3ht80zkt46IoXwUidx	GTP31.10.--074.jpg
18SxUX_vxaFWBfggqZ3cGfLuNhG4H0hu1	GTP31.10.--075.jpg
1NODup_b4uQ3DBEtYO3R9iSZ1KwG-cBdQ	GTP31.10.--076.jpg
1NqlBpj_idjae5cvqzDT_L5kHVWBfYmJ8	GTP31.10.--077.jpg
1ecraKgUO49axtV0SwlTwsSAiuXR0FLn8	GTP31.10.--078.jpg
1MJRriqWgibSXb3cGATco_arYVDnOhAR4	GTP31.10.--079.jpg
18fT4CMBZFX5hu_V_m2PDrU8uteiAQRKi	GTP31.10.--080.jpg
1a4pWWEQ05gWTBWXtJlJEZfE6Ntz2XDOa	GTP31.10.--081.jpg
1_xUrSGymPaAcyICKl-_Gd8iPGnMw2LtI	GTP31.10.--082.jpg
1yGZLScVUoYMN7tW0MUxSt7s94y3bYiUc	GTP31.10.--083.jpg
1MG3dt2MWA967Y5kqsJDYlfuwMXgD3ojC	GTP31.10.--084.jpg
1GuPKnOHB2kopuf2khk4NVeeh5qjsbvJo	GTP31.10.--085.jpg
1jfRYEccFcbijGcbHsmkf-LhbXDrGXBuY	GTP31.10.--086.jpg
1_pJaOPKDfi2IuyBVK6IKfID2fLclUFNY	GTP31.10.--087.jpg
10YFjO_NtfMcal9WddjUqq_KpJ339ZGea	GTP31.10.--088.jpg
1EyMIN7gRld2F50URz9DoNYqUyPZ74FeN	GTP31.10.--089.jpg
1LntksJyNO-NPPxXtaTIkU5M9rY7Ydpx4	GTP31.10.--090.jpg
1dBYcvkZLEw42kCQDB_HMU3h1EHmwfsK8	GTP31.10.--091.jpg
1RjMx93NWW58giakZafQ63dCj7n3TEPAM	GTP31.10.--092.jpg
1SkktAyT3Tck95Y9yTj-HUqwfx_Jb6LM0	GTP31.10.--093.jpg
1XXZ50PwDuzCfioZp9PJGhAZFEboV3gaW	GTP31.10.--094.jpg
1zHLeZRmjOCYRIBvyZpzWof1MS-Z2hblH	GTP31.10.--095.jpg
1ZBx1f-Ag4Zaoeb090snjvdStYDnw1NsG	GTP31.10.--096.jpg
16OVRA5bRVM2vZUec9uHiBjAvVS_l52Vf	GTP31.10.--097.jpg
1I2V-8pWIW56Mx20m7jSDhNstRppdaLic	GTP31.10.--098.jpg
1eMBFOXyUNVKkVe8V0Pq1gVxzQgZtQQGU	GTP31.10.--099.jpg
1YKOxuOUINgOuM2MJWW30E0lxObCKAlKd	GTP31.10.--100.jpg
1psUz9wAv2xmNk6GZHyifCQ-2OrE-37R5	GTP31.10.--101.jpg
1WsFoYm9wM8tfOY-KQvpiPzkN3z2FPcEZ	GTP31.10.--102.jpg
14HyK1Is4N3D4PE_LqA-2aB0uJT7zaBGg	GTP31.10.--103.jpg
1pi0ITUii1m5MiUSOIiKKfdu0232MMOzW	GTP31.10.--104.jpg
1LJd8e7M3f7yLYVXWXevh1VanBlQ_0O9J	GTP31.10.--105.jpg
1dH1ilYCMh7GQSbfxpJTiLsmUOByxh5X6	GTP31.10.--106.jpg
1CJRmeI-q-W-6RfO6NV7g0ukW_e_Y3rmw	GTP31.10.--107.jpg
1D80d_RtoliO3XEaBoZL0ZNVJpDdFc0I0	GTP31.10.--108.jpg
1YcraDBbFaBh8ULsJwz3rbkQ4nje51aSW	GTP31.10.--109.jpg
18roJ52hnVokZ4r1AyGE2IcTq79yr11eQ	GTP31.10.--110.jpg
1IC6Db91q5wpQfEwwOYMUrBNy7R7DFk4m	GTP31.10.--111.jpg
1B9ta-YeGx8uTFvcXSOkVIy6vfAHST0fM	GTP31.10.--112.jpg
1Td8dGKvhwOYtVBp0zj95h0FTAWcU6tor	GTP31.10.--113.jpg
1ZhTiZFBkPgym47GM4awBgQ3II32gKGaf	GTP31.10.--114.jpg
1cRV3q8xuID_4vYLnzfeKpI0hg3BBwQRS	GTP31.10.--115.jpg
1ZOGRaqUEI6DRNZNIh4JcMUeMJMVWdDl8	GTP31.10.--116.jpg
1WWwoxtPwvWkOWzeNmhibIZF0mFAeunXT	GTP31.10.--117.jpg
18bzTx-XvviGugzlI2FUi9DKmvH4IiaV_	GTP31.10.--118.jpg
1pFi0us0LSDM0TszMK6sxGO4SgfOtwPjx	GTP31.10.--119.jpg
1XR6vjfOEReEjCbMGByGoN42sStgxuBnt	GTP31.10.--120.jpg
1mD5n_B07n0rX1_XuVUkvqefBFZuweYfs	GTP31.10.--121.jpg
1JD32nu0bZNNWmWedl8AymRrAmE2spgpS	GTP31.10.--122.jpg
17jp526KEATClcM4yQfQvAJAgQcdYtUcG	GTP31.10.--123.jpg
1qKKJl_h_sh5JCdqH8UinREd_YhkauEYb	GTP31.10.--124.jpg
1MSmImQkX_KwnVMwA5LbKlcc1knR6bE65	GTP31.10.--125.jpg
1d1r04U5bHz5Yim-ivfLcwH7PrXmf1cCz	GTP31.10.--126.jpg
1LPvXtv65lXutlfYZgHKppz-2aLuA_bel	GTP31.10.--127.jpg
1J1_eoZ2ugYr0KqGzrz1H66BT9_DYljRU	GTP31.10.--128.jpg
1VYNlcKRevtS7UtLNIEAtQY0w2TLlQEu5	GTP31.10.--129.jpg
1V_YquxxOfI0OGFCD5nz0nti4mMce52xd	GTP31.10.--130.jpg
1Ala3Ka2a8ls6qa2rcxE-JGVoZxU5JG1M	GTP31.10.--131.jpg
1CfYCA9T86R-uJO8nDKEpQvwB579XU5-U	GTP31.10.--132.jpg
1WAXCkt0tdDv9CG7qTXJsGmQikKd6ZmiF	GTP31.10.--133.jpg
1Kpn0Jmq553c5_D-2V7UsI8RkvGJU9Avw	GTP31.10.--134.jpg
1Y26naB9M0-86kk6PyAECfhg2UyVQa3Cd	GTP31.10.--135.jpg
1O8mB2pfvqAeyBt1TQo4gR0BHuqG84ir6	GTP31.10.--136.jpg
1t8Hn3ne0i_CU1a9lP8mfggBW2GECJYof	GTP31.10.--137.jpg
1STS0foR-vJWwrWfLi0EVFGgd7JZwgjic	GTP31.10.--138.jpg
12m4BgNGdTWZFbL-rgiK7V8WyLu0WRbDR	GTP31.10.--139.jpg
1AzU8ITov_0ewdFgl8e2LRvcVmZIVEgKL	GTP31.10.--140.jpg
1GQKoYLOfqC6r9t2a5bgdlgjQOnSEYeJX	GTP31.10.--141.jpg
1xLFjS_22uAEloaqDGHTatR0-VzTNcjAh	GTP31.10.--142.jpg
1dkYDH_Yri6rldqHlo0K9qSLZhhJ64UfX	GTP31.10.--143.jpg
1akRxPwBaJSs8piOvvSbWwbDyzTUZDKAy	GTP31.10.--144.jpg
1PXA6vOmup-u2E9QUOQp7xh5u_zg8KVWK	GTP31.10.--145.jpg
1jjjZOzN0b50ZxAJzXci8gWdSWb85FCQ6	GTP31.10.--146.jpg
1rEWiYf8PeVPEPJagdVpIgbWcUO-TIL0N	GTP31.10.--147.jpg
1sHLRiXZtWM1do5Ve7BdKT_TTZswDuWHV	GTP31.10.--148.jpg
1myL2c-gsjCWiQm_nX802EBtd_pwpTrVO	GTP31.10.--149.jpg
1a7OzH0SANFMb7JSLKLcxvzVBtRMBRp6M	GTP31.10.--150.jpg
1dB8qhLwMwZCb7pAw-_09qFkOaoNOB5a7	GTP31.10.--151.jpg
1CWWGkYj1c8WlUSyCOYkwwZijLGB2U69v	GTP31.10.--152.jpg
1rnqlUNxJT3TaWgH2QFFlgrq3xuYiUO75	GTP31.10.--153.jpg
1qWbfqDYGJ5jO9bv4r-1zSctmeViKozpT	GTP31.10.--154.jpg
1zEab6_6oar2x-FqU_2JDyF0dYIzzOMZH	GTP31.10.--155.jpg
1bx5yaLi_BSI4w5FeRmkg_8dxx0M_IbgT	GTP31.10.--156.jpg
1Ab2DX_9BNYC-1apSGqV7Ou0MsqH522fH	GTP31.10.--157.jpg
1t48ySy11VMS_kdtdv7zPfhC04WjOqsPh	GTP31.10.--158.jpg
14GkNQC9iHozzRblvLIn_1syVg2Kj1xFy	GTP31.10.--159.jpg
1MceHeSYe3FfossLcVNlaqzGgREBk9w62	GTP31.10.--160.jpg
1QmtCXew1selHlZbKSJPfEo4LPFxRcb9q	GTP31.10.--161.jpg
1nDvtdNBUgBCU0ze-XbA5pgLF1ZVwa2-E	GTP31.10.--162.jpg
1gKbEpFf6Wysgef8Vkro1kPWuQp9ZB5WD	GTP31.10.--163.jpg
1GH-7K_uy4_b-2mMJBO7p6H2SFK8dvb4x	GTP31.10.--164.jpg
16JgupiZ1bKn5qUNZJ-sugygLvUlGqD0n	GTP31.10.--165.jpg
10ptGRuvnbOxeQfISu4z1OhHUm42YNdrh	GTP31.10.--166.jpg
1KGmYUK4x4sMrisQdvTIs3wUxFetBr6tY	GTP31.10.--167.jpg
19b8DYV20ESRqR_Ecf0c4wDHVBKywZd_R	GTP31.10.--168.jpg
1Ar7P8FIMXw3ulOixoVsXtZ1zV1jPIBj8	GTP31.10.--169.jpg
13B2cHHGD4j6FIzwycNbv49Na02AMwAzB	GTP31.10.--170.jpg
1C67qWP_2MfZaR3ETfwznmn1Zz81e2Ce6	GTP31.10.--171.jpg
1mp2CsQ-gYbLU9_DphBl3JPB-3YE9qOhr	GTP31.10.--172.jpg
1khygBffnryJO7QEQS68BQakeLEkTT1iy	GTP31.10.--173.jpg
1om8Mij0b_CSlPtMoecmfmbGSnUZ60hHH	GTP31.10.--174.jpg
1l5OSBxC3MdRFOWgaMmmsx08kNfBISXQQ	GTP31.10.--175.jpg
1TjJy4m9ZMmeyFxlh0adh_0Zj0iUyrZwU	GTP31.10.--176.jpg
1WMrU-ZiT_2foK6GIMkw3fpc712jUhVpD	GTP31.10.--177.jpg
19FXRXb4E1s2Lbod48goAlAH3jE9M6VyJ	GTP31.10.--178.jpg
1iMXuhpWDWcarUR0jCBQDHNf2Rcs3SzGY	GTP31.10.--179.jpg
11WEzP2g6dOsN_vOb9eb-gItR1-t0M6jL	GTP31.10.--180.jpg
1Qhx1fwsYsU1BTBXrvrY-93Ymulnav_wZ	GTP31.10.--181.jpg
1GSuV9GdAYopapXkS3X4j5uYAP7prkDS5	GTP31.10.--182.jpg
1N0QNSmhzXyY_nucb22wTI7jfpAArdC5P	GTP31.10.--183.jpg
1AEGSnnoiut_pyrrOAu2vmL_w9s8wwKmP	GTP31.10.--184.jpg
1nrcgPE__GfZkga0NnbaVx4h3CZ2TOMzh	GTP31.10.--185.jpg
1lqseR4BRYQcBhOLhbXSMPR81LCZzlys7	GTP31.10.--186.jpg
1V-IGlOr7Wl7RKtnN7oDtUQAltuUsGP1N	GTP31.10.--187.jpg
1LGDyYqEGnfxra8eX0RgIeCUudTeDLIIC	GTP31.10.--188.jpg
1WHGp6lgOrWfBd6uK1QUxnP3sGf5YUo1W	GTP31.10.--189.jpg
1MRlZ3eamcmJHeG4XcwrM5NAnKTxXbL6k	GTP31.10.--190.jpg
1bBpzL0CiQ5mEM2EZWnolSThhWDOTWTUe	GTP31.10.--191.jpg
1w6R-xeAaYpmtMRuBB4hp7XipS7fi4aHD	GTP31.10.--192.jpg
1sAoLLSPwP_TVhsOEmblFjASiGr19UCgx	GTP31.10.--193.jpg
1g0hex4ESbn7LulEJ-E_oHQuJsEmGlR1Q	GTP31.10.--194.jpg
1ikXnOgiiCCx466qJJXgm5dmMGuRG7Wei	GTP31.10.--195.jpg
1ceztPnoHWcGPlyl8xPXHwctBEp-Ttad3	GTP31.10.--196.jpg
1n7tB1CXRm4w2fC71Bnx1fEzV9kQKakZv	GTP31.10.--197.jpg
1Dh6c23RI5srnQaP6LAimPCi5STei_ErZ	GTP31.10.--198.jpg
1gsXbTtv0oJFLl6CrJYC8KvO80wWILJvC	GTP31.10.--199.jpg
11idA3iQO19gUsq6KgxavROdxjhxZXG35	GTP31.10.--200.jpg
1AW4QNHrUVoLKVgSfeETV9Za6-2tgV0IJ	GTP31.10.--201.jpg
1QCbBZYYurvld0jMBdasZzsPy1aZ_gg7G	GTP31.10.--202.jpg
1LLvbgc4AdQDPIv5X48Z1lnt5nxBi1ojy	GTP31.10.--203.jpg
1IzmZWdoPdZEslpFcHE6q5Ma973W7Y3K1	GTP31.10.--204.jpg
1pOEUUcMN99EtHjMxUyqDIXoJczgoeuHL	GTP31.10.--205.jpg
1O4bvusaIVjA-ks8l7iQq5bfCR1a3m7XE	GTP31.10.--206.jpg
1pKgx8qzg1f1s6NMZY6eMugUhi74Dq-y7	GTP31.10.--207.jpg
1te7yBUl7XjSQt3MK_aPfcFAg-e6TQWrx	GTP31.10.--208.jpg
1kBEvWJ8VkSJm_Bl-_9g62UMo7rTXmmEd	GTP31.10.--209.jpg
1rvfWmqM8R0y7loKpVEe9etav9hhqQoxf	GTP31.10.--210.jpg
1Dr_pasUE8UafGI24q76VE-IxUxZEXXxM	GTP31.10.--211.jpg
1KkrRpKciPZLp0TeTTmNaV5tG-9_S_Byc	GTP31.10.--212.jpg
1zvimMPFSFLLKhW9BTfFM5QzXBdxhpCE1	GTP31.10.--213.jpg
1Il0N7DFsrmcbaK3HzZEEQ_6aeiiXCKFF	GTP31.10.--214.jpg
1qlWJKb8mlOmi-6548t3PyX8Hw1Mrb017	GTP31.10.--215.jpg
1uMWqisqx1fHwRHzA3u9LbfiOfXddsjx6	GTP31.10.--216.jpg
1iWPWjawJKn_CnFuPKGdVq50bDQ_a1A0d	GTP31.10.--217.jpg
1ko4doNvYZXBsOCKo-SmbXJXo0BGSTtOf	GTP31.10.--218.jpg
1zpWDc3EetIe6G7BATmKScwfEGeGxequo	GTP31.10.--219.jpg
1m4WLsTd8AIlrBDi_wpbfNeQra8Hsil9e	GTP31.10.--220.jpg
1msN_EjmazvCTMw4jquhZUKhJST_JoHCE	GTP31.10.--221.jpg
1ydCGuWHk30Z5ujjh-uOQphtDGAiutaUH	GTP31.10.--222.jpg
1lbbyzJmtwRzlX6iGKRxWOweaAkWToMX3	GTP31.10.--223.jpg
1UlZVib2ijihhpK7WxMDGoGrVAkNLoGPe	GTP31.10.--224.jpg
1Ih3_uN_4b8RdBwVujCQK9h6e9wu289nZ	GTP31.10.--225.jpg
1_Xt_7Ku-06U537xRo8wB8cYKBXDOUPDR	GTP31.10.--226.jpg
1mwtHxIEqYsy8xnw80UQe0nKWvCqATy8b	GTP31.10.--227.jpg
19xxz07TINLo8Cz6GQu39C4TaTaOeYXNY	GTP31.10.--228.jpg
1R3Yv7-HSplgkqJkW9vnSYZECWWR053CS	GTP31.10.--229.jpg
1opwgH_Zy03ubD9ASkCzZwxRybHqfsBTf	GTP31.10.--230.jpg
1Q5n2VGYm737nIsRcgU3yweKiDv2bAr3Y	GTP31.10.--231.jpg
1HTGllaqcxiko6X6yScb9DaruhYSeXo3l	GTP31.10.--232.jpg
1ABgQuTpitRw6g4-yAQIEhDtpGKRJcR8U	GTP31.10.--233.jpg
1kd8Kjolz0pXcRVTT7HDIOF6NxJGZgx7a	GTP31.10.--234.jpg
1ptI32mCeNO0tw1-dHaC1ykxqfRoANrzG	GTP31.10.--235.jpg
1GZ0FDBJIEzq5Fzu95t_69O15NpgeeVEI	GTP31.10.--236.jpg
11szUG78dauxJxPhyKh621DbMvsHlpf2S	GTP31.10.--237.jpg
1dCUYQqgQSOb6sXNbz9VIO_OW6sqWQjch	GTP31.10.--238.jpg
1zDkle6d7fb-FB8U7O7jX-9MmYlkxxKVB	GTP31.10.--239.jpg
1PTTHyI8ae2K6o896Qf6SfJyvCAVUJ_Xs	GTP31.10.--240.jpg
1N-Jm3yIkk94y-H3DG-4EWbXgUpVshHPO	GTP31.10.--241.jpg
1YdyGG3D-hvYnYGqriyuKF_MNc_QqO95V	GTP31.10.--242.jpg
15jzbXoFMk9yMo029uDD_J6MmW0kt8_05	GTP31.10.--243.jpg
1CAnnwOwNiIIwjQHqWUKVucH0SrAOydOE	GTP31.10.--244.jpg
1Id8XzTKqbyVBGiHRTVD0oOtOX1GX90wK	GTP31.10.--245.jpg
1MHOvDMZ5bGr4_n_5eMsBOuN6rhzup2Ie	GTP31.10.--246.jpg
1q2Jv44Vo19x-MiYqoYCESFt_LwJqujle	GTP31.10.--247.jpg
1qs6QwIcW1sjBbjFXGJ0b1BhvZUTYlNwn	GTP31.10.--248.jpg
156V5u_we7NZGqbLdvuYy98SaFC10SuwJ	GTP31.10.--249.jpg
1rvxpFzVXrs4IRU9pG1GMP4-edgS3wINF	GTP31.10.--250.jpg
1P0BBFYapWOkrE_BsmhkAnIivBJg2_RvE	GTP31.10.--251.jpg
13LHyiIHz1zKQdWLKHouy7HfBe1twRwCo	GTP31.10.--252.jpg
1iBPCdOvZvhVhPlkPdtBRDZeoKNQRFi6C	GTP31.10.--253.jpg
17I1n4EAtGhHUyzhI7XmUvKqPukIT2bnr	GTP31.10.--254.jpg
16S0LeGZbT-miz167CRmTJfLkNhUjBZHC	GTP31.10.--255.jpg
1Wz-4bd30savFA56YNivPv_zeJEuiuc9i	GTP31.10.--256.jpg
1K8eR_EpkUlBfygXmDasD-q8wEPwERdp-	GTP31.10.--257.jpg
1WuzN7ea52b_-6obgflxAy8GJwpeYdvf9	GTP31.10.--258.jpg
1W4fXu8tUY_z0Jy8-lLqdRUy_MqXd8LLW	GTP31.10.--259.jpg
1J2xv82ZOaNIcsNt63uU5tmKVJ9TLP-7F	GTP31.10.--260.jpg
1gPfnyoE5KAofEHSZAkUOsy7siHlLNSpE	GTP31.10.--261.jpg
1FnckIf62T-FbXbQhQNIMSAbNOutXzTuC	GTP31.10.--262.jpg
1tJkwicW71S0TPOvaAzcfFofImSr3dlkz	GTP31.10.--263.jpg
1PwpcnvN2REWm1pWbjkjTpzGKm-C73mcL	GTP31.10.--264.jpg
1TuKSgG1Rx4g7yjIR_F6VlarffySUQ9F7	GTP31.10.--265.jpg
1dT6jgae4ZbUeDLfzm4r8tJdwFXFWbvud	GTP31.10.--266.jpg
13hmNmJg43eETLWqmQ556RdGoXyl4kFXv	GTP31.10.--267.jpg
1kSggxkwJb6VJd5i7fDy61-gyDVrlCCRh	GTP31.10.--268.jpg
1mJc7ms15IZBj6TtALeuor1rphJdyGmDG	GTP31.10.--269.jpg
1vWaK6HXBe_No8HWwD6KtBhaqMZg7326z	GTP31.10.--270.jpg
19LQEWuV9NxXyW4A3JBxMQhcvhJbFNpnx	GTP31.10.--271.jpg
1-EQQ8EAqZhaFga4RK_aYP9Za73QbJqBn	GTP31.10.--272.jpg
1uSUpXdYBTOR0Y7c_6wM_ubsBBrEkI41P	GTP31.10.--273.jpg
1xKdK-jK2dDkjXGNy7-r_0jQuj0mIziKc	GTP31.10.--274.jpg
1FxOFd4rlgWNl6PqoIjLCCQy5HjSgrHuf	GTP31.10.--275.jpg
1Otbq-CJNfPCVMhoPGGwODRwuMK9MX3dS	GTP31.10.--276.jpg
199LRBh6FUa9LvMkrdePzLMTM3SUFZ023	GTP31.10.--277.jpg
1Q_qx6cOpBh-XAPtTnlNiIx6Rpnua9XW3	GTP31.10.--278.jpg
1jkBZV0G5idQETj1fi6TjV3vCoiDG0Fwg	GTP31.10.--279.jpg
1azcnLty9K9pcKB6P0GPyI_CdmN3vbXuG	GTP31.10.--280.jpg
1bLUlPiDrdvSKLEYVIjV0TLQzpLxjEiCx	GTP31.10.--281.jpg
193ETVh285lvO-2ri0mtwbbmGimGsVAmJ	GTP31.10.--282.jpg
1NruzE3Mvcmka0vU5ucTvx9VSdHzNis0N	GTP31.10.--283.jpg
1kARsKtbTMV07DCGYtRhoq2vUa7x9VGqr	GTP31.10.--284.jpg
1BezwDk2bzqr176mCeXkAC9-ha5dw7sVG	GTP31.10.--285.jpg
1-2mBygJN5NGMXV0CTPk3ochSiaKzpDWD	GTP31.10.--286.jpg
1YUe6XYd_TA-j7Q1I5Xw1U8e9JHZiRK0Y	GTP31.10.--287.jpg
1NInO8xXEN-kA2CZnBwW1nzCsw3bh-3ax	GTP31.10.--288.jpg
1zPdRS0McHf-qF6NhSDNnWk7HKH7BX81T	GTP31.10.--289.jpg
1ekgufyCGwRp-o9IUW4q2mTW2evMZhXeW	GTP31.10.--290.jpg
1m6apT7P9S9dibOu1s0MC0gBYqpDSRbnZ	GTP31.10.--291.jpg
1WgKSz8ty7t6-fHpr5BvnUlC3EL7erSA7	GTP31.10.--292.jpg
1dKJ32uwYJ3hp66yk_JfanPAfWezsaNOv	GTP31.10.--293.jpg
1llDxnMwbSXwdqTwFu7L8EXD5rWVV-bI9	GTP31.10.--294.jpg
1muwraNzWoHmrAG0dW8IrUck_ZKjpVvAg	GTP31.10.--295.jpg
1GIRL5Fw2RE5GPZ6lEcM71MmRjM-mwCgt	GTP31.10.--296.jpg
19krQdVY7WlKI87Nf5jPpG8p3asNPdPvs	GTP31.10.--297.jpg
1mtPVaOrrUpwwL7kOze_11oPQPnuge59F	GTP31.10.--298.jpg
1R_n7oTGjBnJfM46kzNwWNm0bprxgZm_s	GTP31.10.--299.jpg
1ZeJN_3CsNpVCi07tXxIV4yCluEtF3oQw	GTP31.10.--300.jpg
1yN-mXIiCJ4gz5MiIXPYHDSC_ztEHN1pE	GTP31.10.--301.jpg
1KSBRhRXBAgLhiddejeOAqF26ehReIMMF	GTP31.10.--302.jpg
1FYEztqYxHT6dD7ro5EbDSvhgp1b6TnB5	GTP31.10.--303.jpg
10F2yYXU8JqHkqg3DcOqKwshfUbJOEXPu	GTP31.10.--304.jpg
1PfjeFF6Pj1-l31jycQRBIDLJo0guk1Dn	GTP31.10.--305.jpg
